run,dt,K,NR iterations (ours),NR iterations (paper plot),root
"NR only, eps = 0.005",-,-,11,11,"(1.5000, 0.5000)"
"NR only, eps = 0.01",-,-,10,10,"(1.5000, 0.5000)"
"NR only, eps = 0.05",-,-,8,9,"(1.5000, 0.5000)"
N-FE,0.5,0.05,6,6,"(1.5000, 0.5000)"
N-BE,0.5,0.05,4,3,"(1.5000, 0.5000)"
N-RK2,0.5,0.05,4,6,"(1.5000, 0.5000)"
N-FE,0.5,0.01,6,4,"(0.5000, 1.5000)"
N-BE,0.5,0.01,2,2,"(1.5000, 0.5000)"
N-RK2,0.5,0.01,4,4,"(0.5000, 1.5000)"
N-FE,0.5,0.005,8,6,"(0.5000, 1.5000)"
N-BE,0.5,0.005,4,3,"(1.5000, 0.5000)"
N-RK2,0.5,0.005,7,7,"(0.5000, 1.5000)"
N-FE,0.125,0.05,3,3,"(1.5000, 0.5000)"
N-BE,0.125,0.05,3,2,"(1.5000, 0.5000)"
N-RK2,0.125,0.05,2,3,"(1.5000, 0.5000)"
