K,path,case18482 FE,case18482 RK2,case18482 BE,case27318 FE,case27318 RK2,case27318 BE,case36964 FE,case36964 RK2,case36964 BE,case54636 FE,case54636 RK2,case54636 BE,case109272 FE,case109272 RK2,case109272 BE,case69limit FE,case69limit RK2,case69limit BE,case141limit FE,case141limit RK2,case141limit BE,case500limit FE,case500limit RK2,case500limit BE,case2000limit FE,case2000limit RK2,case2000limit BE
0.001,"{0, 0.05, 1}",fail / fail,fail / fail,4 / 35,fail / fail,fail / fail,5 / 29,fail / fail,fail / fail,fail / 35,fail / fail,fail / fail,5 / 29,fail / fail,fail / fail,5 / 29,2 / 16,1 / 12,1 / 8,3 / 14,1 / 10,1 / 8,6 / 19,5 / 16,2 / 13,fail / fail,fail / fail,3 / 22
0.001,"{0, 0.05, 0.1, 1}",7 / 37,fail / fail,4 / 33,7 / 33,fail / fail,4 / 29,fail / 37,fail / fail,6 / 33,7 / 33,fail / fail,4 / 29,7 / 33,fail / fail,4 / 29,2 / 12,1 / 8,1 / 8,2 / 12,1 / 8,1 / 8,3 / 14,3 / 14,2 / 13,6 / 26,fail / 26,3 / 22
0.001,"{0, 0.05, 0.15, 1}",6 / 43,4 / 35,4 / 33,6 / 37,6 / 31,4 / 29,fail / fail,7 / 35,6 / 33,6 / 37,6 / 31,4 / 29,6 / 39,8 / 31,4 / 29,2 / 16,1 / 8,1 / 8,2 / 14,1 / 8,1 / 8,4 / 16,2 / 13,2 / 13,5 / 28,4 / 24,3 / 22
0.001,"{0, 0.05, 0.2, 1}",6 / fail,6 / 35,4 / 33,8 / fail,fail / fail,4 / 29,fail / fail,7 / 35,6 / 33,8 / fail,fail / fail,4 / 29,8 / fail,fail / fail,4 / 29,2 / 16,1 / 8,1 / 8,2 / 14,1 / 8,1 / 8,4 / 17,2 / 13,2 / 13,5 / 28,3 / 24,3 / 22
0.001,"{0, 0.05, 0.1, 0.2, 1}",4 / 27,4 / 33,4 / 33,3 / 27,4 / 29,4 / 29,7 / 27,fail / 33,6 / 33,3 / 27,4 / 29,4 / 29,3 / 27,4 / 29,4 / 29,1 / 12,1 / 8,1 / 8,1 / 10,1 / 8,1 / 8,2 / 11,2 / 13,2 / 13,4 / 22,3 / 22,3 / 22
0.001,"{0, 0.05, 0.1, 0.25, 1}",3 / 33,3 / 33,3 / 33,3 / 29,4 / 29,4 / 29,fail / 33,6 / 33,6 / 33,3 / 29,4 / 29,4 / 29,3 / 29,4 / 29,4 / 29,1 / 10,1 / 8,1 / 8,1 / 8,1 / 8,1 / 8,2 / 13,2 / 13,2 / 13,4 / 22,3 / 22,3 / 22
0.001,"{0, 0.05, 0.1, 0.3, 1}",3 / 33,3 / 33,3 / 33,4 / 29,4 / 29,4 / 29,8 / 33,6 / 33,6 / 33,4 / 29,4 / 29,4 / 29,4 / 29,4 / 29,4 / 29,1 / 8,1 / 8,1 / 8,2 / 10,1 / 8,1 / 8,2 / 13,2 / 13,2 / 13,3 / 22,3 / 22,3 / 22
0.002,"{0, 0.1, 1}",fail / fail,fail / fail,4 / 35,fail / fail,fail / fail,6 / 29,fail / fail,fail / fail,fail / 35,fail / fail,fail / fail,7 / 29,fail / fail,fail / fail,8 / 29,2 / 16,1 / 10,1 / 8,2 / 14,1 / 8,1 / 8,4 / 17,3 / 15,2 / 13,fail / 30,fail / fail,3 / 24
0.002,"{0, 0.1, 0.2, 0.3, 1}",4 / 31,4 / 35,4 / 35,4 / 29,6 / 29,fail / 29,fail / 33,7 / fail,fail / 35,4 / 29,9 / 29,fail / 29,4 / 29,9 / 29,fail / 29,1 / 12,1 / 8,1 / 8,2 / 12,1 / 8,1 / 8,2 / 13,2 / 13,2 / 13,4 / 22,3 / 22,3 / 22
