case,n,lambda_max (power),lambda_max (ARPACK),lambda_min (inverse it.),lambda_min (ARPACK),min of J + 0.02 I,ratio for J,ratio for J + 0.02 I
case18482,34073,3.034e+04,3.479e+04,0.003725,0.003725,0.02372,8.15e+06,1.28e+06
case27318,46451,4.585e+04,4.585e+04,0.0004663,0.0004663,0.02047,9.83e+07,2.24e+06
case36964,68147,3.215e+04,3.479e+04,0.0009544,0.0009544,0.02095,3.37e+07,1.53e+06
case54636,92903,4.585e+04,4.585e+04,0.0004399,0.0004399,0.02047,1.04e+08,2.24e+06
case109272,185807,4.585e+04,4.585e+04,0.000396,0.000396,0.02042,1.16e+08,2.25e+06
case69limit,136,3.483e+04,3.483e+04,0.1456,0.1456,0.1539,2.39e+05,2.26e+05
case141limit,280,3.118e+05,3.118e+05,0.1939,0.1939,0.2066,1.61e+06,1.51e+06
case_ACTIVSg500limit,943,1434,1434,0.09643,0.09643,0.1164,1.49e+04,1.23e+04
case_ACTIVSg2000limit,3607,4902,4898,0.01176,0.01176,0.03176,4.17e+05,1.54e+05
case6024,11451,3.778e+04,3.778e+04,0.005846,0.005846,0.02585,6.46e+06,1.46e+06
case6243,11583,5.191e+04,5.191e+04,0.00525,0.00525,0.02525,9.89e+06,2.06e+06
case6748,12711,5.191e+04,5.191e+04,0.00238,0.00238,0.02238,2.18e+07,2.32e+06
case7092,12903,2.73e+04,2.73e+04,0.003888,0.003888,0.02389,7.02e+06,1.14e+06
case9961,18131,2.73e+04,2.73e+04,0.002738,0.002738,0.02274,9.97e+06,1.20e+06
case10595,19484,2.828e+04,3.479e+04,0.004772,0.004772,0.02477,5.93e+06,1.14e+06
case12110,22264,3.033e+04,3.479e+04,0.004051,0.004051,0.02405,7.49e+06,1.26e+06
case14limit,22,62.16,61.6,0.5512,0.5512,0.5712,1.13e+02,1.09e+02
case_ieee30limit,53,104.8,106.8,0.2474,0.2474,0.2674,4.24e+02,3.92e+02
case57limit,106,141.3,141.3,0.2467,0.2273,0.2559,5.73e+02,5.52e+02
case89pegaselimit,165,1.117e+04,1.117e+04,1.923,1.923,1.943,5.81e+03,5.75e+03
case118limit,181,574.6,574.6,0.196,0.196,0.216,2.93e+03,2.66e+03
case300limit,530,4476,4475,0.0414,0.0414,0.0614,1.08e+05,7.29e+04
case1354pegaselimit,2447,2.147e+04,2.147e+04,0.09754,0.09754,0.1175,2.20e+05,1.83e+05
case2383wplimit,4438,2.134e+04,2.134e+04,0.04495,0.04495,0.06495,4.75e+05,3.29e+05
case2736splimit,5237,3.42e+04,3.42e+04,0.04389,0.04389,0.06389,7.79e+05,5.35e+05
case2737soplimit,5280,3.413e+04,3.413e+04,0.04329,0.04329,0.06329,7.88e+05,5.39e+05
case2746woplimit,5141,9.485e+04,9.486e+04,0.04403,0.04403,0.06403,2.15e+06,1.48e+06
case2746wplimit,5127,9.485e+04,9.486e+04,0.04389,0.04389,0.06389,2.16e+06,1.48e+06
case2869pegaselimit,5227,2.73e+04,2.73e+04,0.02788,0.02788,0.04788,9.79e+05,5.70e+05
case3012wplimit,5725,3.778e+04,3.778e+04,0.02159,0.02159,0.04159,1.75e+06,9.08e+05
case3120splimit,5991,3.778e+04,3.778e+04,0.0504,0.0504,0.0704,7.50e+05,5.37e+05
case3375wplimit,6355,5.191e+04,5.191e+04,0.01938,0.01938,0.03938,2.68e+06,1.32e+06
case9241pegaselimit,17036,3.377e+04,3.479e+04,0.004939,0.004939,0.02494,6.84e+06,1.35e+06
case13659pegaselimit,23225,4.585e+04,4.585e+04,0.0004843,0.0004843,0.02048,9.47e+07,2.24e+06
