case,t=0,t=0.005,t=0.01,t=0.51,t=1,NR 1,NR 2,NR 3,NR converged (iterations)
case18482,533 / 532,65 / 65,3.7 / 9.7,1943 / 2000,1.3e+05 / 2000,2.6e+06 / -,1.4e+07 / -,8.1e+09 / -,no
case27318,201 / 200,25 / 25,1.2 / 1.2,27 / 27,1.6e+07 / 2.0e+07,3.3e+07 / -,7.5e+07 / -,1.7e+08 / -,no
case36964,533 / 532,66 / 65,3.5 / 3.5,1837 / 2000,2.7e+05 / 3.0e+05,7.7e+09 / -,1.0e+12 / -,1.3e+13 / -,no
case54636,201 / 200,25 / 25,1.2 / 1.2,27 / 27,1.1e+09 / 1.0e+09,9.6e+09 / -,7.1e+09 / -,6.4e+11 / -,no
case109272,201 / 200,25 / 25,1.2 / 1.2,27 / 27,1.1e+09 / 1.0e+09,9.6e+09 / -,7.1e+09 / -,6.4e+11 / -,no
case69limit,0.012 / 0.012,2.4e-04 / 2.0e-04,1.2e-05 / 1.0e-05,5.4e-04 / 5.0e-04,2.4e-05 / 2.0e-05,1.7e-08 / 2.0e-08,4.3e-12 / 3.0e-12,- / -,yes (2)
case141limit,6.4e-03 / 0.006,1.6e-04 / 2.0e-04,8.6e-06 / 9.0e-06,4.6e-04 / 5.0e-04,2.3e-05 / 2.0e-05,3.9e-08 / 4.0e-08,1.7e-11 / 1.0e-11,- / -,yes (2)
case500limit,13 / 13,1.2 / 1.2,0.022 / 0.02,0.92 / 0.9,1 / 1.0,8.8e-03 / 0.008,1.9e-06 / 2.0e-06,2.3e-13 / 4.0e-13,yes (3)
case2000limit,55 / 54,3.9 / 3.9,0.78 / 0.8,210 / 210,6802 / 7000,3.2e+07 / -,5.4e+07 / -,1.2e+08 / -,no
