case,t=0,t=0.005,t=0.01,t=0.51,t=1,NR 1,NR 2,NR 3,NR converged (iters)
case18482,533 / 532,65 / 65,33 / 33,2.5e+07 / 3.0e+07,6.8e+08 / 1.0e+11,1.3e+15 / -,3.0e+15 / -,6.8e+15 / -,no
case27318,201 / 200,25 / 25,13 / 13,5.8e+05 / 6.0e+05,1.6e+11 / 1.0e+10,4.2e+10 / -,9.4e+10 / -,2.1e+11 / -,no
case36964,533 / 532,66 / 65,33 / 33,2.3e+09 / 3.0e+09,4.3e+12 / 2.0e+14,3.0e+12 / -,3.2e+13 / -,7.3e+13 / -,no
case54636,201 / 200,25 / 25,13 / 13,6.9e+05 / 7.0e+05,1.6e+11 / 1.0e+10,1.3e+11 / -,1.1e+11 / -,2.4e+11 / -,no
case109272,201 / 200,25 / 25,13 / 13,1.1e+07 / 1.0e+07,1.6e+11 / 5.0e+12,1.3e+11 / -,1.1e+11 / -,2.4e+11 / -,no
case69limit,0.012 / 0.012,2.4e-04 / 2.0e-04,1.2e-04 / 1.0e-04,9.3e-05 / 9.0e-05,4.7e-05 / 5.0e-05,1.2e-09 / 1.0e-09,- / -,- / -,yes (1)
case141limit,6.4e-03 / 0.006,1.6e-04 / 2.0e-04,8.2e-05 / 8.0e-05,4.3e-04 / 4.0e-04,2.2e-04 / 2.0e-04,7.0e-09 / 7.0e-09,- / -,- / -,yes (1)
case500limit,13 / 13,1.2 / 1.2,0.62 / 0.6,1.1e+04 / 1.0e+04,2.1e+04 / 5000,4.8e+04 / -,1.1e+05 / -,2.4e+05 / -,no
case2000limit,55 / 54,3.9 / 3.9,1.9 / 1.9,1.2e+04 / 1.0e+04,4.5e+04 / 4.0e+04,1.0e+05 / -,1.1e+06 / -,4.0e+06 / -,no
