case,lambda_min,tuned delta,tuned dt0,search evaluations,solved at tuned point,LUs at tuned point
case18482,0.00372,1.18,0.00105,21,yes,5
case27318,0.000466,0.0252,0.00105,21,yes,6
case36964,0.000954,0.0963,0.00453,21,yes,6
case54636,0.00044,0.0252,0.00105,21,yes,6
case109272,0.000396,0.0252,0.00105,21,yes,6
case69limit,0.146,0.000106,0.00105,21,yes,3
case141limit,0.194,0.0098,0.00269,21,yes,3
case_ACTIVSg500limit,0.0964,0.0125,0.00105,21,yes,4
case_ACTIVSg2000limit,0.0118,0.000106,0.213,21,yes,5
case6024,0.00585,4.79,0.00105,21,yes,6
case6243,0.00525,1.04,0.00105,21,yes,6
case6748,0.00238,1.7,0.00105,21,yes,6
case7092,0.00389,1.93,0.00579,21,yes,5
case9961,0.00274,1.86,0.00536,21,yes,6
case10595,0.00477,1.25,0.00105,21,yes,5
case12110,0.00405,1.25,0.00105,21,yes,5
case14limit,0.551,0.000106,0.00105,21,no,12
case_ieee30limit,0.247,0.000106,0.00105,21,yes,10
case57limit,0.247,0.000106,0.00105,21,yes,10
case89pegaselimit,1.92,0.000106,0.0351,21,yes,11
case118limit,0.196,0.000106,0.00105,21,yes,10
case300limit,0.0414,0.000106,0.00105,21,yes,10
case1354pegaselimit,0.0975,0.000106,0.00105,21,yes,11
case2383wplimit,0.0449,0.00272,0.00105,21,yes,10
case2736splimit,0.0439,0.000106,0.0876,21,no,12
case2737soplimit,0.0433,0.000106,0.0618,21,yes,12
case2746woplimit,0.044,0.257,0.137,21,yes,12
case2746wplimit,0.0439,0.637,0.143,21,yes,12
case2869pegaselimit,0.0279,0.000106,0.00105,21,yes,10
case3012wplimit,0.0216,9.44,0.0522,21,yes,11
case3120splimit,0.0504,0.0149,0.159,21,yes,12
case3375wplimit,0.0194,7.83,0.0335,21,yes,11
case9241pegaselimit,0.00494,0.0322,0.28,21,yes,11
case13659pegaselimit,0.000484,0.167,0.00105,21,yes,8
